"","parameter","mean","lower","upper","sd"
"1","beta",-2.08819909761003,-8.63087135400003,4.37045302374195,3.28787365127017
"2","gamma",1.95382122729712,-10.0277759706087,14.4561084542452,6.29455644762316
