"","parameter","mean","lower","upper","sd"
"1","beta",-2.24250003987654,-8.60843803556073,3.98268884859084,3.21622762782519
"2","gamma",2.17708650161919,-9.84659368995457,14.5641294257394,6.15794752096207
