"","parameter","mean","lower","upper","sd"
"1","beta",1.30675273730012,-2.86807689896069,5.53473540293496,2.14426703672277
"2","gamma",-7.34964721625237,-16.0092387343971,1.03841140538284,4.35065339973724
