"","parameter","mean","lower","upper","sd"
"1","beta",3.70293991663956,1.64094874154995,5.81207285281697,1.06800520842601
"2","gamma",-8.30991564933835,-12.2763818082127,-4.51837139645203,1.98058690754672
