"","parameter","mean","lower","upper","sd"
"1","beta",1.76409099919033,-1.79164626491565,5.52948836874822,1.85643410859409
"2","gamma",-4.43428522416415,-11.646955107686,2.59961466382737,3.65350087459198
