"","parameter","mean","lower","upper","sd"
"1","beta",3.56060813922786,1.9128223783004,5.25152011366947,0.842007282415362
"2","gamma",-6.78322880336988,-9.89683423318301,-3.69358069255806,1.56118653390554
