"","parameter","mean","lower","upper","sd"
"1","beta",4.52280796259229,-0.930739976390549,9.8399354071459,2.76848840552014
"2","gamma",-8.2077919728165,-18.7745515972294,2.32281095547367,5.40876826452676
