"","parameter","mean","lower","upper","sd"
"1","beta",4.29739594986342,-1.02235999326492,9.83930300489408,2.77198989006353
"2","gamma",-7.80634993067709,-18.6007262668548,2.73512728859489,5.40984755798211
