"","parameter","mean","lower","upper","sd"
"1","beta",5.06055589886455,-0.368315271673399,10.4389472927586,2.79200332644625
"2","gamma",-9.43430696472521,-20.2133611360647,1.31373489022068,5.50094883355956
