"","parameter","mean","lower","upper","sd"
"1","beta",1.92027894959442,-1.8486628869101,5.60963224095739,1.88570547603167
"2","gamma",-4.99314132855883,-12.2699082236668,2.35418145144726,3.71578496286145
