"","parameter","mean","lower","upper","sd"
"1","beta",6.10300400921001,-0.0841873501027988,14.7628837681867,3.80279555158578
"2","gamma",-17.4392333188221,-31.5635900589896,-2.28561169345901,7.89211702350465
