"","parameter","mean","lower","upper","sd"
"1","beta",4.92397522997777,-0.532171173685841,10.4712153615133,2.82460576908387
"2","gamma",-9.12977678614375,-20.1557990418437,1.62876645888158,5.57998201607982
