Predictor variable,Categorical,Sample average
bio_1,false,143.9070196885329
bio_12,false,1426.8982637845552
bio_15,false,39.61430512941801
bio_2,false,98.08332355205829
bio_3,false,84.72411346435547
