"","parameter","mean","lower","upper","sd"
"1","beta",-0.458723089176743,-0.896451899088682,-0.018770252273289,0.223813528590755
"2","gamma",0.320765184717154,0.125180083742137,0.513018759620622,0.0988187146913016
