Predictor variable,Categorical,Sample average
bio_1,false,185.27192899014088
bio_12,false,1865.05160782185
bio_15,false,43.58622569226204
bio_2,false,101.50738034349807
