Predictor variable,Categorical,Sample average
bio_1,false,165.14676588741852
bio_12,false,1719.2578353473848
bio_15,false,42.637102667660635
bio_2,false,102.17207915770179
