Predictor variable,Categorical,Sample average
bio_1,false,165.34461104564178
bio_12,false,1714.3666627019898
bio_15,false,43.0527619174403
bio_2,false,101.95541091658112
