Predictor variable,Categorical,Sample average
bio_1,false,196.9897015141506
bio_12,false,1842.531795726103
bio_15,false,41.53519600512934
bio_2,false,102.3918186262542
