Predictor variable,Categorical,Sample average
bio_1,false,186.5969815355666
bio_12,false,1889.8099904161818
bio_15,false,42.754372109758094
bio_2,false,101.44575991529099
