"","parameter","mean","lower","upper","sd"
"1","beta",-10.1469147033176,-11.9190549141215,-8.45522363302868,0.889979238445353
"2","gamma",2.43246323613348,1.64328445178322,3.21988874706401,0.402805116771099
