"","parameter","mean","lower","upper","sd"
"1","beta",-12.7836234864546,-14.6040963612796,-11.0146686682406,0.92281458159207
"2","gamma",3.63401187421535,2.88164691668087,4.39931692640495,0.388395871353371
