"","parameter","mean","lower","upper","sd"
"1","beta",5.77161588535646,5.21406051922966,6.37137192833122,0.29965120484487
"2","gamma",-3.68562455469239,-4.08313180781337,-3.33912750149231,0.192416696302303
