"","parameter","mean","lower","upper","sd"
"1","beta",5.95713783114272,5.29620214459992,6.64682832464523,0.343850863512414
"2","gamma",-3.82918110994775,-4.28121052799383,-3.40382356579669,0.221836048935786
