Predictor variable,Categorical,Sample average
bio_1,false,140.32426276573767
bio_12,false,1417.4567448542668
bio_15,false,39.3034610748291
bio_2,false,98.09079184898964
