Predictor variable,Categorical,Sample average
bio_1,false,126.68961588541667
bio_12,false,1381.5807969835068
bio_15,false,39.91637314690484
bio_2,false,101.89818064371745
bio_3,false,85.430909898546
