Predictor variable,Categorical,Sample average
bio_1,false,197.10946127084586
bio_12,false,1809.0445134089543
bio_15,false,43.33800198481633
bio_2,false,101.57390462435208
bio_3,false,83.15488184415378
