Predictor variable,Categorical,Sample average
bio_1,false,125.08585521153041
bio_12,false,1432.0677054268974
bio_15,false,36.593491962977815
bio_2,false,101.98343440464565
bio_3,false,85.87430463518415
