Predictor variable,Categorical,Sample average
bio_1,false,124.92478343418666
bio_12,false,1375.2058628627233
bio_15,false,40.43775749206543
bio_2,false,101.68966456821987
