Predictor variable,Categorical,Sample average
bio_1,false,186.13995204827725
bio_12,false,1902.3062838040864
bio_15,false,43.050807398608605
bio_2,false,101.25505199595395
