"","parameter","mean","lower","upper","sd"
"1","beta",18.153122561012,16.0188363718551,19.9392233694552,0.986128624488855
"2","gamma",-8.98313295048649,-10.0362820608279,-7.84473724473425,0.556307034473831
