"","parameter","mean","lower","upper","sd"
"1","beta",18.1193209707187,16.4983286638738,20.2297656618453,0.927948503249781
"2","gamma",-8.94935379997866,-10.2843907445778,-8.08563714566547,0.544760323381246
