Predictor variable,Categorical,Sample average
bio_1,false,143.0305305249763
bio_12,false,1411.7441924124053
bio_15,false,38.58768474694455
bio_2,false,98.29231585878314
bio_3,false,84.79331692782316
