Predictor variable,Categorical,Sample average
bio_1,false,162.9335247625119
bio_12,false,1679.823572229456
bio_15,false,43.338131445425525
bio_2,false,101.90951227258753
bio_3,false,84.23605705947472
