Predictor variable,Categorical,Sample average
bio_1,false,198.91116428375244
bio_12,false,1831.6804809570312
bio_15,false,41.892699509859085
bio_2,false,102.39704823493958
