"","parameter","mean","lower","upper","sd"
"1","beta",-7.58419167449595,-8.21590967019684,-6.97747158635642,0.317741207621538
"2","gamma",2.48428539120571,2.1978694558822,2.7881009106169,0.151324996202688
